{"stat.walkOneCm":10031,"stat.craftItem.minecraft.planks":44,"stat.leaveGame":1,"stat.damageTaken":30,"stat.pickup.minecraft.leather":2,"stat.mineBlock.minecraft.double_plant":7,"stat.mobKills":1,"stat.mineBlock.minecraft.log":11,"stat.pickup.minecraft.log":11,"stat.flyOneCm":29842,"stat.pickup.minecraft.wheat_seeds":7,"stat.swimOneCm":112,"stat.jump":148,"stat.mineBlock.minecraft.leaves":9,"stat.playOneMinute":6612,"stat.fallOneCm":4446,"stat.useItem.minecraft.planks":40,"stat.pickup.minecraft.beef":3,"stat.sneakTime":340,"stat.damageDealt":195,"stat.crouchOneCm":561,"stat.timeSinceDeath":6612,"stat.pickup.minecraft.sapling":1,"stat.killEntity.Cow":1,"stat.sprintOneCm":12878,"stat.useItem.minecraft.stone_slab2":4,"stat.mineBlock.minecraft.tallgrass":105}